{
    "easycom": {
    	"^z-(.*)": "@zebra-ui/swiper/components/z-$1/z-$1.vue"
    },
	"pages": [{
		"path": "pages/login/login",
		"style": {
			"navigationBarBackgroundColor": "#366F70",
			"navigationBarTextStyle": "white",
			"navigationBarTitleText": "登录"
		}
	}, {
		"path": "pages/register/register",
		"style": {
			"navigationBarBackgroundColor": "#366F70",
			"navigationBarTextStyle": "white",
			"navigationBarTitleText": "注册"
		}
	}, {
		"path": "pages/forget/forget",
		"style": {
			"navigationBarBackgroundColor": "#366F70",
			"navigationBarTextStyle": "white",
			"navigationBarTitleText": "忘记密码"
		}
	}, {
		"path": "pages/center/center",
		"style": {
			"navigationBarBackgroundColor": "#366F70",
			"navigationBarTextStyle": "white",
			"navigationBarTitleText": "我的"
		}
	}, {
		"path": "pages/user-info/user-info",
		"style": {
			"navigationBarBackgroundColor": "#366F70",
			"navigationBarTextStyle": "white",
			"navigationBarTitleText": "用户信息"
		}
	}
	,{
		"path": "pages/chuangkoufuzeren/list",
		"style": {
			"navigationBarBackgroundColor": "#366F70",
			"navigationBarTextStyle": "white"
		}
	},{
		"path": "pages/chuangkoufuzeren/add-or-update",
		"style": {
			"navigationBarBackgroundColor": "#366F70",
			"navigationBarTextStyle": "white"
		}
	},{
		"path": "pages/chuangkoufuzeren/detail",
		"style": {
			"navigationBarBackgroundColor": "#366F70",
			"navigationBarTextStyle": "white"
		}
	}
	,{
		"path": "pages/chuangkouyuangong/list",
		"style": {
			"navigationBarBackgroundColor": "#366F70",
			"navigationBarTextStyle": "white"
		}
	},{
		"path": "pages/chuangkouyuangong/add-or-update",
		"style": {
			"navigationBarBackgroundColor": "#366F70",
			"navigationBarTextStyle": "white"
		}
	},{
		"path": "pages/chuangkouyuangong/detail",
		"style": {
			"navigationBarBackgroundColor": "#366F70",
			"navigationBarTextStyle": "white"
		}
	}
	,{
		"path": "pages/bingju/list",
		"style": {
			"navigationBarBackgroundColor": "#366F70",
			"navigationBarTextStyle": "white"
		}
	},{
		"path": "pages/bingju/add-or-update",
		"style": {
			"navigationBarBackgroundColor": "#366F70",
			"navigationBarTextStyle": "white"
		}
	},{
		"path": "pages/bingju/detail",
		"style": {
			"navigationBarBackgroundColor": "#366F70",
			"navigationBarTextStyle": "white"
		}
	}
	,{
		"path": "pages/paibanxinxi/list",
		"style": {
			"navigationBarBackgroundColor": "#366F70",
			"navigationBarTextStyle": "white"
		}
	},{
		"path": "pages/paibanxinxi/add-or-update",
		"style": {
			"navigationBarBackgroundColor": "#366F70",
			"navigationBarTextStyle": "white"
		}
	},{
		"path": "pages/paibanxinxi/detail",
		"style": {
			"navigationBarBackgroundColor": "#366F70",
			"navigationBarTextStyle": "white"
		}
	}
	,{
		"path": "pages/liuyangshipin/list",
		"style": {
			"navigationBarBackgroundColor": "#366F70",
			"navigationBarTextStyle": "white"
		}
	},{
		"path": "pages/liuyangshipin/add-or-update",
		"style": {
			"navigationBarBackgroundColor": "#366F70",
			"navigationBarTextStyle": "white"
		}
	},{
		"path": "pages/liuyangshipin/detail",
		"style": {
			"navigationBarBackgroundColor": "#366F70",
			"navigationBarTextStyle": "white"
		}
	}
	,{
		"path": "pages/liuyangshipinxiaohui/list",
		"style": {
			"navigationBarBackgroundColor": "#366F70",
			"navigationBarTextStyle": "white"
		}
	},{
		"path": "pages/liuyangshipinxiaohui/add-or-update",
		"style": {
			"navigationBarBackgroundColor": "#366F70",
			"navigationBarTextStyle": "white"
		}
	},{
		"path": "pages/liuyangshipinxiaohui/detail",
		"style": {
			"navigationBarBackgroundColor": "#366F70",
			"navigationBarTextStyle": "white"
		}
	}
	,{
		"path": "pages/chufagonggao/list",
		"style": {
			"navigationBarBackgroundColor": "#366F70",
			"navigationBarTextStyle": "white"
		}
	},{
		"path": "pages/chufagonggao/add-or-update",
		"style": {
			"navigationBarBackgroundColor": "#366F70",
			"navigationBarTextStyle": "white"
		}
	},{
		"path": "pages/chufagonggao/detail",
		"style": {
			"navigationBarBackgroundColor": "#366F70",
			"navigationBarTextStyle": "white"
		}
	}
	,{
		"path": "pages/jiaoyuxuanchuan/list",
		"style": {
			"navigationBarBackgroundColor": "#366F70",
			"navigationBarTextStyle": "white"
		}
	},{
		"path": "pages/jiaoyuxuanchuan/add-or-update",
		"style": {
			"navigationBarBackgroundColor": "#366F70",
			"navigationBarTextStyle": "white"
		}
	},{
		"path": "pages/jiaoyuxuanchuan/detail",
		"style": {
			"navigationBarBackgroundColor": "#366F70",
			"navigationBarTextStyle": "white"
		}
	}
	, {
		"path": "pages/index/index",
		"style": {
			"navigationBarBackgroundColor": "#366F70",
			"navigationBarTextStyle": "white",
			"navigationBarTitleText": "首页"
		}
	}
	],
	"globalStyle": {
		"navigationBarTextStyle": "black",
		"navigationBarTitleText": "基于微信小程序的高校餐厅食品留样管理系统",
		"navigationBarBackgroundColor": "#F8F8F8",
		"backgroundColor": "#F8F8F8"
	},
	"tabBar": {
		"color": "#BBBBBB",
		"selectedColor": "#366F70",
		"borderStyle": "white",
		"backgroundColor": "#FFFFFF",
		"list": [{
				"pagePath": "pages/index/index",
				"iconPath": "static/tabs/index.png",
				"selectedIconPath": "static/tabs/index1.png",
				"text": "首页"
			}
			

			,{
				"pagePath": "pages/bingju/list",
				"iconPath": "/static/tabs/icon1.png",
				"selectedIconPath": "/static/tabs/icon1_act.png",
				"text": "冰柜"
			}
			,{
				"pagePath": "pages/chufagonggao/list",
				"iconPath": "/static/tabs/icon2.png",
				"selectedIconPath": "/static/tabs/icon2_act.png",
				"text": "处罚公告"
			}
			,{
				"pagePath": "pages/jiaoyuxuanchuan/list",
				"iconPath": "/static/tabs/icon3.png",
				"selectedIconPath": "/static/tabs/icon3_act.png",
				"text": "教育宣传"
			}






			,{
				"pagePath": "pages/center/center",
				"iconPath": "static/tabs/mine.png",
				"selectedIconPath": "static/tabs/mine1.png",
				"text": "我的"
			}
		]
	}
}
